name,hobbies
l5WzPTpj,Cycling
l5WzPTpj,Cooking
RxcDm4vY,Cycling
2nOyreVv,Gardening
2nOyreVv,Cooking
2nOyreVv,Hiking
8cKvWB9h,Painting
8cKvWB9h,Hiking
TmA65MPh,Gardening
3FPuRIlP,Painting
3FPuRIlP,Hiking
xUkJzZsn,Gardening
xUkJzZsn,Cycling
WLtBPFX7,Hiking
WLtBPFX7,Cycling
TOrPMf7o,Cycling
TOrPMf7o,Reading
2JSxyjQ3,Gardening
12WnXRCI,Reading
4hiCGItU,Hiking
4hiCGItU,Painting
4hiCGItU,Cycling
BU0rWEoB,Cooking
6b2JD6sy,Cooking
3ZHTX3Eq,Cycling
3ZHTX3Eq,Gardening
3ZHTX3Eq,Hiking
EyPXS058,Cycling
EyPXS058,Reading
EyPXS058,Cooking
H4KPfA1l,Cycling
H4KPfA1l,Gardening
H4KPfA1l,Hiking
quCu2r6A,Painting
quCu2r6A,Hiking
ZDUd7ne7,Cycling
cbp0MoDh,Cooking
cbp0MoDh,Painting
6CpwL7SW,Hiking
6CpwL7SW,Gardening
ktJ5J4x6,Painting
ktJ5J4x6,Cycling
AEAw3Cjk,Cooking
GOM5WCZK,Hiking
2IGlozIo,Cooking
2IGlozIo,Painting
DSBbszpP,Painting
DSBbszpP,Hiking
DSBbszpP,Reading
wIv9IvCt,Cooking
wIv9IvCt,Cycling
wIv9IvCt,Painting
oStU6QlT,Gardening
oStU6QlT,Cooking
oStU6QlT,Cycling
rKVL8Zsw,Cooking
rKVL8Zsw,Reading
rKVL8Zsw,Painting
sRhcds6N,Gardening
sRhcds6N,Cycling
sRhcds6N,Hiking
UgarDv7p,Hiking
UgarDv7p,Cooking
1heEJQjY,Cycling
x4sKAJd7,Painting
x4sKAJd7,Gardening
gVMqfoIj,Painting
gVMqfoIj,Gardening
gVMqfoIj,Cycling
oqXKXmhn,Hiking
oqXKXmhn,Reading
jqidXKZ5,Cooking
jqidXKZ5,Reading
jqidXKZ5,Hiking
BDsyqHBL,Gardening
BDsyqHBL,Painting
bVYJVkGB,Cooking
r9BY8Dzt,Painting
r9BY8Dzt,Cooking
r9BY8Dzt,Gardening
CdGMEBdq,Cooking
ir2EbNXS,Gardening
ir2EbNXS,Painting
tazn0h6O,Cooking
j5sRzDDC,Cycling
ilLUieV0,Hiking
ilLUieV0,Gardening
vWqaTZJO,Cycling
vWqaTZJO,Painting
1BEuVx51,Reading
1BEuVx51,Cycling
ug0g4ai1,Cycling
ug0g4ai1,Painting
ug0g4ai1,Cooking
8eWqMyeu,Cooking
8eWqMyeu,Reading
8eWqMyeu,Cycling
PH7M3EHM,Gardening
oQrof8VR,Hiking
gksbudwA,Cooking
gksbudwA,Painting
gksbudwA,Hiking
pzQlkLxQ,Cooking
EKoNCP3C,Cooking
EKoNCP3C,Reading
Cs90gxws,Gardening
Cs90gxws,Cooking
Cs90gxws,Cycling
4UZ3WoXn,Painting
4UZ3WoXn,Hiking
4UZ3WoXn,Cycling
cWcwi4uz,Cycling
cWcwi4uz,Reading
cWcwi4uz,Cooking
67s1XDeU,Gardening
67s1XDeU,Painting
nPPy0Ify,Cooking
nPPy0Ify,Cycling
nPPy0Ify,Painting
qhwUqxNx,Reading
qhwUqxNx,Cycling
qhwUqxNx,Cooking
PDM6uLON,Gardening
PDM6uLON,Cooking
PDM6uLON,Reading
CROhcc9h,Cycling
CROhcc9h,Reading
T2OZM6rQ,Cycling
T2OZM6rQ,Reading
T2OZM6rQ,Cooking
dr86ZfnN,Cooking
dr86ZfnN,Reading
8du9WmZI,Hiking
KYoWWKr9,Hiking
KYoWWKr9,Gardening
KYoWWKr9,Cycling
9HXg1iwW,Hiking
9HXg1iwW,Painting
wKCnMT4O,Cycling
wKCnMT4O,Reading
wKCnMT4O,Hiking
B3tjhMKS,Painting
xLsFAXhO,Painting
xLsFAXhO,Hiking
xLsFAXhO,Reading
2I1A3zZy,Gardening
2I1A3zZy,Cooking
2I1A3zZy,Painting
fAUxid7I,Cycling
fAUxid7I,Gardening
fAUxid7I,Reading
Pz26A4dr,Cycling
Pz26A4dr,Painting
tgFjD0vI,Cooking
tgFjD0vI,Cycling
