name,age,city
BRh8LojI,19.0,London
If94ChZE,22.0,London
SFqZ8pIx,46.0,LA
5F21rWz5,54.0,London
FYrsK9Ej,55.0,SF
HvIHCtlR,36.0,LA
JoWcURYx,25.0,London
PY8EcFK1,65.0,NY
2BGCSzOj,62.0,SF
D8uQO001,,SF
xtSV2ceN,39.0,SF
59UAgN2B,69.0,LA
R4cXsxjG,34.0,London
JXke1Mo4,24.0,London
iCppaX3Q,42.0,NY
jBvKNAp0,62.0,NY
mxDoJJ9s,21.0,SF
8OrJQUdL,53.0,NY
E4rXLvNM,23.0,LA
QSOZM4Ot,,London
BJTfsUki,36.0,SF
H8G4ZpZD,61.0,NY
YUvh7i71,56.0,LA
S87XwXaH,44.0,LA
CPPKY6go,27.0,NY
b2I4ndZ4,43.0,London
szi6sEg3,36.0,NY
iCPU6zUj,56.0,SF
zgEz6cwB,,NY
61gQH8wy,62.0,LA
lh0CPNLb,30.0,NY
WphJeVmn,67.0,London
1uj3a1ii,,Berlin
pkObaWou,37.0,NY
kdTGUDWF,45.0,London
gF6cW1GC,25.0,London
7dDyQE4e,,LA
fLerNHu9,56.0,London
GCLgR0OV,18.0,London
SnBovCzf,,London
APxj5eZf,30.0,London
fTYIKIuh,45.0,SF
vPU1S8Lv,66.0,SF
JnOng0wV,42.0,LA
JY08YMNb,50.0,NY
5ZqlRtva,55.0,London
1JyiNbUn,23.0,NY
AvwSWJfd,61.0,NY
jMPqPEBq,62.0,LA
UhArQEPc,49.0,London
yLasnipu,62.0,London
aUkxRFZX,,Berlin
e1cb51JJ,38.0,NY
RzhbuXMZ,,NY
5f0pKGyt,38.0,SF
vukFhF4v,28.0,Berlin
TYYojmLV,54.0,SF
OkVEUVB5,53.0,SF
INM1MjeB,,SF
srdFtCdZ,36.0,LA
e11MFCIX,37.0,LA
3BYOtDjd,35.0,SF
g3vSFkpB,64.0,Berlin
BGjxrzuL,58.0,NY
WOefQrSO,66.0,Berlin
42uKiv7R,31.0,London
yK6txXYP,32.0,LA
ZTQGOAww,,NY
ln6Eoie0,18.0,NY
gVZ2cuVi,20.0,London
xkZVYkBz,,London
PoBrUBHt,40.0,SF
YDZw69Cr,,LA
xG7YXipN,29.0,LA
2Ig00rVq,27.0,Berlin
4jB6nBvb,49.0,SF
dFo9xb50,33.0,SF
OXirZRiR,,SF
BaepZITG,55.0,SF
grscAXCg,29.0,LA
4KbFpiAM,41.0,LA
ozPf8eGF,45.0,SF
9IyDN8pb,,Berlin
WvTMVTuc,45.0,NY
HYkWCRNY,,NY
dWCscmc5,43.0,Berlin
F9HpUlwW,,SF
1uhw3U3x,67.0,LA
8EE5GXTe,45.0,NY
LYHteOtL,,London
AQvc1v9r,54.0,London
86eNwXQ7,,Berlin
iLWceWwx,53.0,SF
JLQ6xVJG,44.0,NY
yOphTExI,34.0,SF
qqB9r4Eh,26.0,NY
0C3BfQ0t,50.0,Berlin
veH30S5N,,Berlin
XFhmiXbI,,London
wXILft9S,45.0,SF
